date,city,random_forest_pred,ridge_pred,svr_pred
2026-01-01 00:00:00+00:00,Karachi,75.96211328999993,87.82102264623589,108.66514056476971
2026-01-01 01:00:00+00:00,Karachi,75.42014822999995,85.48034088475453,108.6651206385812
2026-01-01 02:00:00+00:00,Karachi,75.52926631999996,83.82697653137666,108.66509129777019
2026-01-01 03:00:00+00:00,Karachi,75.76234428,82.66946363807801,108.66510173800641
2026-01-01 04:00:00+00:00,Karachi,76.40590155000001,81.50740313432884,108.66514842481547
2026-01-01 05:00:00+00:00,Karachi,76.49447800999998,79.4998013812853,108.66520004917298
2026-01-01 06:00:00+00:00,Karachi,76.40999209999994,77.32975664091174,108.665219015591
2026-01-01 07:00:00+00:00,Karachi,76.66519150999994,74.3068072065464,108.6651972265991
2026-01-01 08:00:00+00:00,Karachi,77.40528422999999,71.71128477276541,108.66516309773615
2026-01-01 09:00:00+00:00,Karachi,77.29585554000002,69.45260395069997,108.66512922204893
2026-01-01 10:00:00+00:00,Karachi,77.15422510000002,67.6105601345373,108.66511465712544
2026-01-01 11:00:00+00:00,Karachi,77.90371749,65.69081641623654,108.66510917460748
2026-01-01 12:00:00+00:00,Karachi,78.38635063,63.832665243441916,108.6651023551841
2026-01-01 13:00:00+00:00,Karachi,78.78407901,64.24317102510626,108.66515369809107
2026-01-01 14:00:00+00:00,Karachi,78.57569830999998,65.0648116715553,108.66521827624545
2026-01-01 15:00:00+00:00,Karachi,78.3845618,64.48963872770591,108.66523025178725
2026-01-01 16:00:00+00:00,Karachi,76.66173333,61.95626314132223,108.66520993359514
2026-01-01 17:00:00+00:00,Karachi,75.54400502999998,58.94899458856994,108.66517157851248
2026-01-01 18:00:00+00:00,Karachi,75.49373912999998,56.59169643325506,108.66513000418088
2026-01-01 19:00:00+00:00,Karachi,75.40433224999998,55.256183818490264,108.66510259834759
2026-01-01 20:00:00+00:00,Karachi,75.40243627999999,54.79178617881081,108.66508828257447
2026-01-01 21:00:00+00:00,Karachi,75.15078417000001,54.79460346574361,108.66508694002356
2026-01-01 22:00:00+00:00,Karachi,75.24102893000003,55.24117851495856,108.66508938595466
2026-01-01 23:00:00+00:00,Karachi,76.06208696,55.910871488358524,108.66509228033652
2026-01-02 00:00:00+00:00,Karachi,74.68591697999997,56.90646713408094,108.66510096398859
2026-01-02 01:00:00+00:00,Karachi,74.24247874000004,56.92258043166892,108.66508578780874
2026-01-02 02:00:00+00:00,Karachi,74.37332411000003,57.23248222476406,108.66508083363756
2026-01-02 03:00:00+00:00,Karachi,74.40686899000004,57.633674925966126,108.66509085841628
2026-01-02 04:00:00+00:00,Karachi,74.22673623000003,57.90307674024329,108.66509183393747
2026-01-02 05:00:00+00:00,Karachi,74.43338528000001,57.599476728182275,108.66509720956442
2026-01-02 06:00:00+00:00,Karachi,74.74356578000001,56.8321582004275,108.66510004596864
2026-01-02 07:00:00+00:00,Karachi,74.82868457000001,56.13185955633975,108.66510548733044
2026-01-02 08:00:00+00:00,Karachi,74.98347189000003,56.3400844400599,108.66511450351923
2026-01-02 09:00:00+00:00,Karachi,74.93852564000002,56.89077071206515,108.66511372133816
2026-01-02 10:00:00+00:00,Karachi,74.95217850000002,57.27259600470139,108.66511138625775
2026-01-02 11:00:00+00:00,Karachi,74.95545866000002,57.45976588886959,108.66511218226061
2026-01-02 12:00:00+00:00,Karachi,74.98586631,57.60989838824819,108.66510728745762
2026-01-02 13:00:00+00:00,Karachi,74.98276305,59.036608710733965,108.66513630849035
2026-01-02 14:00:00+00:00,Karachi,75.04089204,59.496770196116636,108.66516849690365
2026-01-02 15:00:00+00:00,Karachi,74.87378212,59.33264828822712,108.66517793726861
2026-01-02 16:00:00+00:00,Karachi,74.86420762,58.67164666129696,108.6651762551207
2026-01-02 17:00:00+00:00,Karachi,74.69168988000003,57.89411227271498,108.66516421941564
2026-01-02 18:00:00+00:00,Karachi,74.54816152000001,56.971067473970976,108.66513584994324
2026-01-02 19:00:00+00:00,Karachi,74.47635299000001,56.15665461548187,108.66507787912211
2026-01-02 20:00:00+00:00,Karachi,74.41128143000005,55.37857079501663,108.66502620118023
2026-01-02 21:00:00+00:00,Karachi,74.54151188000003,54.81025851311182,108.66501940820946
2026-01-02 22:00:00+00:00,Karachi,74.68317881000002,54.352943605162054,108.6650239293373
2026-01-02 23:00:00+00:00,Karachi,74.69062565000002,53.98874719507427,108.66502613097832
2026-01-03 00:00:00+00:00,Karachi,74.63991629,54.856946510666106,108.66505828154351
2026-01-03 01:00:00+00:00,Karachi,74.47395862,54.773985218663654,108.66504565139934
2026-01-03 02:00:00+00:00,Karachi,74.49700848000002,55.14220546257351,108.66505528913437
2026-01-03 03:00:00+00:00,Karachi,74.42422489000003,56.1404209489139,108.66509041956625
2026-01-03 04:00:00+00:00,Karachi,74.45862210000001,56.83374800634519,108.6650983892027
2026-01-03 05:00:00+00:00,Karachi,74.56871226000003,56.97791775825932,108.66512547018054
2026-01-03 06:00:00+00:00,Karachi,74.83302858000002,56.619325088326256,108.6651628335178
2026-01-03 07:00:00+00:00,Karachi,74.71857802000002,57.28136006532964,108.66518632190962
2026-01-03 08:00:00+00:00,Karachi,74.82664539000002,58.12582308313099,108.66518929580187
2026-01-03 09:00:00+00:00,Karachi,74.90022761000004,59.114809545696765,108.66518949878825
2026-01-03 10:00:00+00:00,Karachi,74.90909313000003,60.08499672168415,108.66519662433696
2026-01-03 11:00:00+00:00,Karachi,74.95350792000004,60.83151389071861,108.66520456884712
2026-01-03 12:00:00+00:00,Karachi,74.96485552000004,61.05220082290661,108.6652030687505
2026-01-03 13:00:00+00:00,Karachi,74.86583062000004,61.38830205307525,108.66519292522025
2026-01-03 14:00:00+00:00,Karachi,74.71804665000002,60.77846467792259,108.6651672767546
2026-01-03 15:00:00+00:00,Karachi,74.51880109000003,59.879909913939,108.66514191477435
2026-01-03 16:00:00+00:00,Karachi,74.53449270000002,59.15571966960383,108.66512954189682
2026-01-03 17:00:00+00:00,Karachi,74.69745200000003,58.48079045191369,108.66512651123416
2026-01-03 18:00:00+00:00,Karachi,74.60206173000002,57.90515351624858,108.66512415342162
2026-01-03 19:00:00+00:00,Karachi,74.50285948000003,57.38105245103376,108.66511092700965
2026-01-03 20:00:00+00:00,Karachi,74.54594468000003,56.92222421317541,108.66508966083336
2026-01-03 21:00:00+00:00,Karachi,74.62883447000004,56.41585915799395,108.66507376231586
2026-01-03 22:00:00+00:00,Karachi,74.66340882000004,55.9726779448674,108.665065760212
2026-01-03 23:00:00+00:00,Karachi,74.68583786000003,55.61155211426617,108.66506413899555
